Date,Event Name,Team 1,Team 2,Plex Name,Kodi Name,Kodi Name 2
22.07.2022,,Vendsyssel FF,Hillerød,Danish.1st.Division.2022-07-22.Vendsyssel.FF.vs.Hillerød.mkv,Danish.1st.Division.2022-07-22.Vendsyssel.FF.vs.Hillerød.S2022-2023E1.mkv,Danish.1st.Division.20220722.Vendsyssel.FF.vs.Hillerød.special
22.07.2022,,Sønderjyske,Fremad Amager,Danish.1st.Division.2022-07-22.Sønderjyske.vs.Fremad.Amager.mkv,Danish.1st.Division.2022-07-22.Sønderjyske.vs.Fremad.Amager.S2022-2023E1.mkv,Danish.1st.Division.20220722.Sønderjyske.vs.Fremad.Amager.special
23.07.2022,,FC Helsingoer,Vejle Boldklub,Danish.1st.Division.2022-07-23.FC.Helsingoer.vs.Vejle.Boldklub.mkv,Danish.1st.Division.2022-07-23.FC.Helsingoer.vs.Vejle.Boldklub.S2022-2023E1.mkv,Danish.1st.Division.20220723.FC.Helsingoer.vs.Vejle.Boldklub.special
23.07.2022,,Nykøbing,Fredericia,Danish.1st.Division.2022-07-23.Nykøbing.vs.Fredericia.mkv,Danish.1st.Division.2022-07-23.Nykøbing.vs.Fredericia.S2022-2023E1.mkv,Danish.1st.Division.20220723.Nykøbing.vs.Fredericia.special
23.07.2022,,FC Helsingoer,Vejle Boldklub,Danish.1st.Division.2022-07-23.FC.Helsingoer.vs.Vejle.Boldklub.mkv,Danish.1st.Division.2022-07-23.FC.Helsingoer.vs.Vejle.Boldklub.S2022-2023E1.mkv,Danish.1st.Division.20220723.FC.Helsingoer.vs.Vejle.Boldklub.special
24.07.2022,,Næstved BK,Hvidovre IF,Danish.1st.Division.2022-07-24.Næstved.BK.vs.Hvidovre.IF.mkv,Danish.1st.Division.2022-07-24.Næstved.BK.vs.Hvidovre.IF.S2022-2023E1.mkv,Danish.1st.Division.20220724.Næstved.BK.vs.Hvidovre.IF.special
24.07.2022,,Køge,HOBRO,Danish.1st.Division.2022-07-24.Køge.vs.HOBRO.mkv,Danish.1st.Division.2022-07-24.Køge.vs.HOBRO.S2022-2023E1.mkv,Danish.1st.Division.20220724.Køge.vs.HOBRO.special
29.07.2022,,HOBRO,FC Helsingoer,Danish.1st.Division.2022-07-29.HOBRO.vs.FC.Helsingoer.mkv,Danish.1st.Division.2022-07-29.HOBRO.vs.FC.Helsingoer.S2022-2023E2.mkv,Danish.1st.Division.20220729.HOBRO.vs.FC.Helsingoer.special
29.07.2022,,Fredericia,Næstved BK,Danish.1st.Division.2022-07-29.Fredericia.vs.Næstved.BK.mkv,Danish.1st.Division.2022-07-29.Fredericia.vs.Næstved.BK.S2022-2023E2.mkv,Danish.1st.Division.20220729.Fredericia.vs.Næstved.BK.special
30.07.2022,,Fremad Amager,Vejle Boldklub,Danish.1st.Division.2022-07-30.Fremad.Amager.vs.Vejle.Boldklub.mkv,Danish.1st.Division.2022-07-30.Fremad.Amager.vs.Vejle.Boldklub.S2022-2023E2.mkv,Danish.1st.Division.20220730.Fremad.Amager.vs.Vejle.Boldklub.special
30.07.2022,,Hillerød,Sønderjyske,Danish.1st.Division.2022-07-30.Hillerød.vs.Sønderjyske.mkv,Danish.1st.Division.2022-07-30.Hillerød.vs.Sønderjyske.S2022-2023E2.mkv,Danish.1st.Division.20220730.Hillerød.vs.Sønderjyske.special
30.07.2022,,Nykøbing,Hvidovre IF,Danish.1st.Division.2022-07-30.Nykøbing.vs.Hvidovre.IF.mkv,Danish.1st.Division.2022-07-30.Nykøbing.vs.Hvidovre.IF.S2022-2023E2.mkv,Danish.1st.Division.20220730.Nykøbing.vs.Hvidovre.IF.special
31.07.2022,,Køge,Vendsyssel FF,Danish.1st.Division.2022-07-31.Køge.vs.Vendsyssel.FF.mkv,Danish.1st.Division.2022-07-31.Køge.vs.Vendsyssel.FF.S2022-2023E2.mkv,Danish.1st.Division.20220731.Køge.vs.Vendsyssel.FF.special
05.08.2022,,FC Helsingoer,Fredericia,Danish.1st.Division.2022-08-05.FC.Helsingoer.vs.Fredericia.mkv,Danish.1st.Division.2022-08-05.FC.Helsingoer.vs.Fredericia.S2022-2023E3.mkv,Danish.1st.Division.20220805.FC.Helsingoer.vs.Fredericia.special
05.08.2022,,Hvidovre IF,Hillerød,Danish.1st.Division.2022-08-05.Hvidovre.IF.vs.Hillerød.mkv,Danish.1st.Division.2022-08-05.Hvidovre.IF.vs.Hillerød.S2022-2023E3.mkv,Danish.1st.Division.20220805.Hvidovre.IF.vs.Hillerød.special
06.08.2022,,Vendsyssel FF,Fremad Amager,Danish.1st.Division.2022-08-06.Vendsyssel.FF.vs.Fremad.Amager.mkv,Danish.1st.Division.2022-08-06.Vendsyssel.FF.vs.Fremad.Amager.S2022-2023E3.mkv,Danish.1st.Division.20220806.Vendsyssel.FF.vs.Fremad.Amager.special
06.08.2022,,Sønderjyske,Køge,Danish.1st.Division.2022-08-06.Sønderjyske.vs.Køge.mkv,Danish.1st.Division.2022-08-06.Sønderjyske.vs.Køge.S2022-2023E3.mkv,Danish.1st.Division.20220806.Sønderjyske.vs.Køge.special
07.08.2022,,Næstved BK,HOBRO,Danish.1st.Division.2022-08-07.Næstved.BK.vs.HOBRO.mkv,Danish.1st.Division.2022-08-07.Næstved.BK.vs.HOBRO.S2022-2023E3.mkv,Danish.1st.Division.20220807.Næstved.BK.vs.HOBRO.special
07.08.2022,,Vejle Boldklub,Nykøbing,Danish.1st.Division.2022-08-07.Vejle.Boldklub.vs.Nykøbing.mkv,Danish.1st.Division.2022-08-07.Vejle.Boldklub.vs.Nykøbing.S2022-2023E3.mkv,Danish.1st.Division.20220807.Vejle.Boldklub.vs.Nykøbing.special
11.08.2022,,Hillerød,Køge,Danish.1st.Division.2022-08-11.Hillerød.vs.Køge.mkv,Danish.1st.Division.2022-08-11.Hillerød.vs.Køge.S2022-2023E4.mkv,Danish.1st.Division.20220811.Hillerød.vs.Køge.special
12.08.2022,,Fredericia,Vejle Boldklub,Danish.1st.Division.2022-08-12.Fredericia.vs.Vejle.Boldklub.mkv,Danish.1st.Division.2022-08-12.Fredericia.vs.Vejle.Boldklub.S2022-2023E4.mkv,Danish.1st.Division.20220812.Fredericia.vs.Vejle.Boldklub.special
12.08.2022,,Fremad Amager,Næstved BK,Danish.1st.Division.2022-08-12.Fremad.Amager.vs.Næstved.BK.mkv,Danish.1st.Division.2022-08-12.Fremad.Amager.vs.Næstved.BK.S2022-2023E4.mkv,Danish.1st.Division.20220812.Fremad.Amager.vs.Næstved.BK.special
12.08.2022,,HOBRO,Sønderjyske,Danish.1st.Division.2022-08-12.HOBRO.vs.Sønderjyske.mkv,Danish.1st.Division.2022-08-12.HOBRO.vs.Sønderjyske.S2022-2023E4.mkv,Danish.1st.Division.20220812.HOBRO.vs.Sønderjyske.special
13.08.2022,,FC Helsingoer,Hvidovre IF,Danish.1st.Division.2022-08-13.FC.Helsingoer.vs.Hvidovre.IF.mkv,Danish.1st.Division.2022-08-13.FC.Helsingoer.vs.Hvidovre.IF.S2022-2023E4.mkv,Danish.1st.Division.20220813.FC.Helsingoer.vs.Hvidovre.IF.special
13.08.2022,,Nykøbing,Vendsyssel FF,Danish.1st.Division.2022-08-13.Nykøbing.vs.Vendsyssel.FF.mkv,Danish.1st.Division.2022-08-13.Nykøbing.vs.Vendsyssel.FF.S2022-2023E4.mkv,Danish.1st.Division.20220813.Nykøbing.vs.Vendsyssel.FF.special
16.08.2022,,Køge,Nykøbing,Danish.1st.Division.2022-08-16.Køge.vs.Nykøbing.mkv,Danish.1st.Division.2022-08-16.Køge.vs.Nykøbing.S2022-2023E5.mkv,Danish.1st.Division.20220816.Køge.vs.Nykøbing.special
16.08.2022,,Sønderjyske,FC Helsingoer,Danish.1st.Division.2022-08-16.Sønderjyske.vs.FC.Helsingoer.mkv,Danish.1st.Division.2022-08-16.Sønderjyske.vs.FC.Helsingoer.S2022-2023E5.mkv,Danish.1st.Division.20220816.Sønderjyske.vs.FC.Helsingoer.special
16.08.2022,,Hvidovre IF,Fremad Amager,Danish.1st.Division.2022-08-16.Hvidovre.IF.vs.Fremad.Amager.mkv,Danish.1st.Division.2022-08-16.Hvidovre.IF.vs.Fremad.Amager.S2022-2023E5.mkv,Danish.1st.Division.20220816.Hvidovre.IF.vs.Fremad.Amager.special
16.08.2022,,Vendsyssel FF,HOBRO,Danish.1st.Division.2022-08-16.Vendsyssel.FF.vs.HOBRO.mkv,Danish.1st.Division.2022-08-16.Vendsyssel.FF.vs.HOBRO.S2022-2023E5.mkv,Danish.1st.Division.20220816.Vendsyssel.FF.vs.HOBRO.special
17.08.2022,,Vejle Boldklub,Næstved BK,Danish.1st.Division.2022-08-17.Vejle.Boldklub.vs.Næstved.BK.mkv,Danish.1st.Division.2022-08-17.Vejle.Boldklub.vs.Næstved.BK.S2022-2023E5.mkv,Danish.1st.Division.20220817.Vejle.Boldklub.vs.Næstved.BK.special
17.08.2022,,Hillerød,Fredericia,Danish.1st.Division.2022-08-17.Hillerød.vs.Fredericia.mkv,Danish.1st.Division.2022-08-17.Hillerød.vs.Fredericia.S2022-2023E5.mkv,Danish.1st.Division.20220817.Hillerød.vs.Fredericia.special
19.08.2022,,Hvidovre IF,Køge,Danish.1st.Division.2022-08-19.Hvidovre.IF.vs.Køge.mkv,Danish.1st.Division.2022-08-19.Hvidovre.IF.vs.Køge.S2022-2023E6.mkv,Danish.1st.Division.20220819.Hvidovre.IF.vs.Køge.special
19.08.2022,,FC Helsingoer,Fremad Amager,Danish.1st.Division.2022-08-19.FC.Helsingoer.vs.Fremad.Amager.mkv,Danish.1st.Division.2022-08-19.FC.Helsingoer.vs.Fremad.Amager.S2022-2023E6.mkv,Danish.1st.Division.20220819.FC.Helsingoer.vs.Fremad.Amager.special
20.08.2022,,Vejle Boldklub,Sønderjyske,Danish.1st.Division.2022-08-20.Vejle.Boldklub.vs.Sønderjyske.mkv,Danish.1st.Division.2022-08-20.Vejle.Boldklub.vs.Sønderjyske.S2022-2023E6.mkv,Danish.1st.Division.20220820.Vejle.Boldklub.vs.Sønderjyske.special
20.08.2022,,HOBRO,Hillerød,Danish.1st.Division.2022-08-20.HOBRO.vs.Hillerød.mkv,Danish.1st.Division.2022-08-20.HOBRO.vs.Hillerød.S2022-2023E6.mkv,Danish.1st.Division.20220820.HOBRO.vs.Hillerød.special
21.08.2022,,Fredericia,Vendsyssel FF,Danish.1st.Division.2022-08-21.Fredericia.vs.Vendsyssel.FF.mkv,Danish.1st.Division.2022-08-21.Fredericia.vs.Vendsyssel.FF.S2022-2023E6.mkv,Danish.1st.Division.20220821.Fredericia.vs.Vendsyssel.FF.special
21.08.2022,,Næstved BK,Nykøbing,Danish.1st.Division.2022-08-21.Næstved.BK.vs.Nykøbing.mkv,Danish.1st.Division.2022-08-21.Næstved.BK.vs.Nykøbing.S2022-2023E6.mkv,Danish.1st.Division.20220821.Næstved.BK.vs.Nykøbing.special
26.08.2022,,Fremad Amager,Fredericia,Danish.1st.Division.2022-08-26.Fremad.Amager.vs.Fredericia.mkv,Danish.1st.Division.2022-08-26.Fremad.Amager.vs.Fredericia.S2022-2023E7.mkv,Danish.1st.Division.20220826.Fremad.Amager.vs.Fredericia.special
26.08.2022,,Nykøbing,HOBRO,Danish.1st.Division.2022-08-26.Nykøbing.vs.HOBRO.mkv,Danish.1st.Division.2022-08-26.Nykøbing.vs.HOBRO.S2022-2023E7.mkv,Danish.1st.Division.20220826.Nykøbing.vs.HOBRO.special
26.08.2022,,Sønderjyske,Næstved BK,Danish.1st.Division.2022-08-26.Sønderjyske.vs.Næstved.BK.mkv,Danish.1st.Division.2022-08-26.Sønderjyske.vs.Næstved.BK.S2022-2023E7.mkv,Danish.1st.Division.20220826.Sønderjyske.vs.Næstved.BK.special
27.08.2022,,Hillerød,Vejle Boldklub,Danish.1st.Division.2022-08-27.Hillerød.vs.Vejle.Boldklub.mkv,Danish.1st.Division.2022-08-27.Hillerød.vs.Vejle.Boldklub.S2022-2023E7.mkv,Danish.1st.Division.20220827.Hillerød.vs.Vejle.Boldklub.special
27.08.2022,,Køge,FC Helsingoer,Danish.1st.Division.2022-08-27.Køge.vs.FC.Helsingoer.mkv,Danish.1st.Division.2022-08-27.Køge.vs.FC.Helsingoer.S2022-2023E7.mkv,Danish.1st.Division.20220827.Køge.vs.FC.Helsingoer.special
28.08.2022,,Vendsyssel FF,Hvidovre IF,Danish.1st.Division.2022-08-28.Vendsyssel.FF.vs.Hvidovre.IF.mkv,Danish.1st.Division.2022-08-28.Vendsyssel.FF.vs.Hvidovre.IF.S2022-2023E7.mkv,Danish.1st.Division.20220828.Vendsyssel.FF.vs.Hvidovre.IF.special
01.09.2022,,Hvidovre IF,HOBRO,Danish.1st.Division.2022-09-01.Hvidovre.IF.vs.HOBRO.mkv,Danish.1st.Division.2022-09-01.Hvidovre.IF.vs.HOBRO.S2022-2023E8.mkv,Danish.1st.Division.20220901.Hvidovre.IF.vs.HOBRO.special
02.09.2022,,FC Helsingoer,Nykøbing,Danish.1st.Division.2022-09-02.FC.Helsingoer.vs.Nykøbing.mkv,Danish.1st.Division.2022-09-02.FC.Helsingoer.vs.Nykøbing.S2022-2023E8.mkv,Danish.1st.Division.20220902.FC.Helsingoer.vs.Nykøbing.special
02.09.2022,,Fremad Amager,Hillerød,Danish.1st.Division.2022-09-02.Fremad.Amager.vs.Hillerød.mkv,Danish.1st.Division.2022-09-02.Fremad.Amager.vs.Hillerød.S2022-2023E8.mkv,Danish.1st.Division.20220902.Fremad.Amager.vs.Hillerød.special
03.09.2022,,Vejle Boldklub,Køge,Danish.1st.Division.2022-09-03.Vejle.Boldklub.vs.Køge.mkv,Danish.1st.Division.2022-09-03.Vejle.Boldklub.vs.Køge.S2022-2023E8.mkv,Danish.1st.Division.20220903.Vejle.Boldklub.vs.Køge.special
04.09.2022,,Fredericia,Sønderjyske,Danish.1st.Division.2022-09-04.Fredericia.vs.Sønderjyske.mkv,Danish.1st.Division.2022-09-04.Fredericia.vs.Sønderjyske.S2022-2023E8.mkv,Danish.1st.Division.20220904.Fredericia.vs.Sønderjyske.special
04.09.2022,,Næstved BK,Vendsyssel FF,Danish.1st.Division.2022-09-04.Næstved.BK.vs.Vendsyssel.FF.mkv,Danish.1st.Division.2022-09-04.Næstved.BK.vs.Vendsyssel.FF.S2022-2023E8.mkv,Danish.1st.Division.20220904.Næstved.BK.vs.Vendsyssel.FF.special
09.09.2022,,Køge,Næstved BK,Danish.1st.Division.2022-09-09.Køge.vs.Næstved.BK.mkv,Danish.1st.Division.2022-09-09.Køge.vs.Næstved.BK.S2022-2023E9.mkv,Danish.1st.Division.20220909.Køge.vs.Næstved.BK.special
09.09.2022,,Sønderjyske,Hvidovre IF,Danish.1st.Division.2022-09-09.Sønderjyske.vs.Hvidovre.IF.mkv,Danish.1st.Division.2022-09-09.Sønderjyske.vs.Hvidovre.IF.S2022-2023E9.mkv,Danish.1st.Division.20220909.Sønderjyske.vs.Hvidovre.IF.special
10.09.2022,,Hillerød,FC Helsingoer,Danish.1st.Division.2022-09-10.Hillerød.vs.FC.Helsingoer.mkv,Danish.1st.Division.2022-09-10.Hillerød.vs.FC.Helsingoer.S2022-2023E9.mkv,Danish.1st.Division.20220910.Hillerød.vs.FC.Helsingoer.special
10.09.2022,,Nykøbing,Fremad Amager,Danish.1st.Division.2022-09-10.Nykøbing.vs.Fremad.Amager.mkv,Danish.1st.Division.2022-09-10.Nykøbing.vs.Fremad.Amager.S2022-2023E9.mkv,Danish.1st.Division.20220910.Nykøbing.vs.Fremad.Amager.special
11.09.2022,,HOBRO,Fredericia,Danish.1st.Division.2022-09-11.HOBRO.vs.Fredericia.mkv,Danish.1st.Division.2022-09-11.HOBRO.vs.Fredericia.S2022-2023E9.mkv,Danish.1st.Division.20220911.HOBRO.vs.Fredericia.special
11.09.2022,,Vendsyssel FF,Vejle Boldklub,Danish.1st.Division.2022-09-11.Vendsyssel.FF.vs.Vejle.Boldklub.mkv,Danish.1st.Division.2022-09-11.Vendsyssel.FF.vs.Vejle.Boldklub.S2022-2023E9.mkv,Danish.1st.Division.20220911.Vendsyssel.FF.vs.Vejle.Boldklub.special
16.09.2022,,FC Helsingoer,Næstved BK,Danish.1st.Division.2022-09-16.FC.Helsingoer.vs.Næstved.BK.mkv,Danish.1st.Division.2022-09-16.FC.Helsingoer.vs.Næstved.BK.S2022-2023E10.mkv,Danish.1st.Division.20220916.FC.Helsingoer.vs.Næstved.BK.special
16.09.2022,,Fremad Amager,Køge,Danish.1st.Division.2022-09-16.Fremad.Amager.vs.Køge.mkv,Danish.1st.Division.2022-09-16.Fremad.Amager.vs.Køge.S2022-2023E10.mkv,Danish.1st.Division.20220916.Fremad.Amager.vs.Køge.special
17.09.2022,,Hillerød,Nykøbing,Danish.1st.Division.2022-09-17.Hillerød.vs.Nykøbing.mkv,Danish.1st.Division.2022-09-17.Hillerød.vs.Nykøbing.S2022-2023E10.mkv,Danish.1st.Division.20220917.Hillerød.vs.Nykøbing.special
18.09.2022,,Fredericia,Hvidovre IF,Danish.1st.Division.2022-09-18.Fredericia.vs.Hvidovre.IF.mkv,Danish.1st.Division.2022-09-18.Fredericia.vs.Hvidovre.IF.S2022-2023E10.mkv,Danish.1st.Division.20220918.Fredericia.vs.Hvidovre.IF.special
18.09.2022,,Vejle Boldklub,HOBRO,Danish.1st.Division.2022-09-18.Vejle.Boldklub.vs.HOBRO.mkv,Danish.1st.Division.2022-09-18.Vejle.Boldklub.vs.HOBRO.S2022-2023E10.mkv,Danish.1st.Division.20220918.Vejle.Boldklub.vs.HOBRO.special
19.09.2022,,Sønderjyske,Vendsyssel FF,Danish.1st.Division.2022-09-19.Sønderjyske.vs.Vendsyssel.FF.mkv,Danish.1st.Division.2022-09-19.Sønderjyske.vs.Vendsyssel.FF.S2022-2023E10.mkv,Danish.1st.Division.20220919.Sønderjyske.vs.Vendsyssel.FF.special
29.09.2022,,HOBRO,Fremad Amager,Danish.1st.Division.2022-09-29.HOBRO.vs.Fremad.Amager.mkv,Danish.1st.Division.2022-09-29.HOBRO.vs.Fremad.Amager.S2022-2023E11.mkv,Danish.1st.Division.20220929.HOBRO.vs.Fremad.Amager.special
30.09.2022,,Hvidovre IF,Vejle Boldklub,Danish.1st.Division.2022-09-30.Hvidovre.IF.vs.Vejle.Boldklub.mkv,Danish.1st.Division.2022-09-30.Hvidovre.IF.vs.Vejle.Boldklub.S2022-2023E11.mkv,Danish.1st.Division.20220930.Hvidovre.IF.vs.Vejle.Boldklub.special
01.10.2022,,Nykøbing,Sønderjyske,Danish.1st.Division.2022-10-01.Nykøbing.vs.Sønderjyske.mkv,Danish.1st.Division.2022-10-01.Nykøbing.vs.Sønderjyske.S2022-2023E11.mkv,Danish.1st.Division.20221001.Nykøbing.vs.Sønderjyske.special
01.10.2022,,Vendsyssel FF,FC Helsingoer,Danish.1st.Division.2022-10-01.Vendsyssel.FF.vs.FC.Helsingoer.mkv,Danish.1st.Division.2022-10-01.Vendsyssel.FF.vs.FC.Helsingoer.S2022-2023E11.mkv,Danish.1st.Division.20221001.Vendsyssel.FF.vs.FC.Helsingoer.special
02.10.2022,,Køge,Fredericia,Danish.1st.Division.2022-10-02.Køge.vs.Fredericia.mkv,Danish.1st.Division.2022-10-02.Køge.vs.Fredericia.S2022-2023E11.mkv,Danish.1st.Division.20221002.Køge.vs.Fredericia.special
02.10.2022,,Næstved BK,Hillerød,Danish.1st.Division.2022-10-02.Næstved.BK.vs.Hillerød.mkv,Danish.1st.Division.2022-10-02.Næstved.BK.vs.Hillerød.S2022-2023E11.mkv,Danish.1st.Division.20221002.Næstved.BK.vs.Hillerød.special
07.10.2022,,Fredericia,Nykøbing,Danish.1st.Division.2022-10-07.Fredericia.vs.Nykøbing.mkv,Danish.1st.Division.2022-10-07.Fredericia.vs.Nykøbing.S2022-2023E12.mkv,Danish.1st.Division.20221007.Fredericia.vs.Nykøbing.special
07.10.2022,,Fremad Amager,Hvidovre IF,Danish.1st.Division.2022-10-07.Fremad.Amager.vs.Hvidovre.IF.mkv,Danish.1st.Division.2022-10-07.Fremad.Amager.vs.Hvidovre.IF.S2022-2023E12.mkv,Danish.1st.Division.20221007.Fremad.Amager.vs.Hvidovre.IF.special
08.10.2022,,Hillerød,Vendsyssel FF,Danish.1st.Division.2022-10-08.Hillerød.vs.Vendsyssel.FF.mkv,Danish.1st.Division.2022-10-08.Hillerød.vs.Vendsyssel.FF.S2022-2023E12.mkv,Danish.1st.Division.20221008.Hillerød.vs.Vendsyssel.FF.special
08.10.2022,,Sønderjyske,HOBRO,Danish.1st.Division.2022-10-08.Sønderjyske.vs.HOBRO.mkv,Danish.1st.Division.2022-10-08.Sønderjyske.vs.HOBRO.S2022-2023E12.mkv,Danish.1st.Division.20221008.Sønderjyske.vs.HOBRO.special
09.10.2022,,Vejle Boldklub,FC Helsingoer,Danish.1st.Division.2022-10-09.Vejle.Boldklub.vs.FC.Helsingoer.mkv,Danish.1st.Division.2022-10-09.Vejle.Boldklub.vs.FC.Helsingoer.S2022-2023E12.mkv,Danish.1st.Division.20221009.Vejle.Boldklub.vs.FC.Helsingoer.special
09.10.2022,,Næstved BK,Køge,Danish.1st.Division.2022-10-09.Næstved.BK.vs.Køge.mkv,Danish.1st.Division.2022-10-09.Næstved.BK.vs.Køge.S2022-2023E12.mkv,Danish.1st.Division.20221009.Næstved.BK.vs.Køge.special
13.10.2022,,Vendsyssel FF,Fredericia,Danish.1st.Division.2022-10-13.Vendsyssel.FF.vs.Fredericia.mkv,Danish.1st.Division.2022-10-13.Vendsyssel.FF.vs.Fredericia.S2022-2023E13.mkv,Danish.1st.Division.20221013.Vendsyssel.FF.vs.Fredericia.special
14.10.2022,,HOBRO,Vejle Boldklub,Danish.1st.Division.2022-10-14.HOBRO.vs.Vejle.Boldklub.mkv,Danish.1st.Division.2022-10-14.HOBRO.vs.Vejle.Boldklub.S2022-2023E13.mkv,Danish.1st.Division.20221014.HOBRO.vs.Vejle.Boldklub.special
14.10.2022,,Hvidovre IF,Næstved BK,Danish.1st.Division.2022-10-14.Hvidovre.IF.vs.Næstved.BK.mkv,Danish.1st.Division.2022-10-14.Hvidovre.IF.vs.Næstved.BK.S2022-2023E13.mkv,Danish.1st.Division.20221014.Hvidovre.IF.vs.Næstved.BK.special
15.10.2022,,FC Helsingoer,Sønderjyske,Danish.1st.Division.2022-10-15.FC.Helsingoer.vs.Sønderjyske.mkv,Danish.1st.Division.2022-10-15.FC.Helsingoer.vs.Sønderjyske.S2022-2023E13.mkv,Danish.1st.Division.20221015.FC.Helsingoer.vs.Sønderjyske.special
15.10.2022,,Køge,Fremad Amager,Danish.1st.Division.2022-10-15.Køge.vs.Fremad.Amager.mkv,Danish.1st.Division.2022-10-15.Køge.vs.Fremad.Amager.S2022-2023E13.mkv,Danish.1st.Division.20221015.Køge.vs.Fremad.Amager.special
15.10.2022,,Nykøbing,Hillerød,Danish.1st.Division.2022-10-15.Nykøbing.vs.Hillerød.mkv,Danish.1st.Division.2022-10-15.Nykøbing.vs.Hillerød.S2022-2023E13.mkv,Danish.1st.Division.20221015.Nykøbing.vs.Hillerød.special
21.10.2022,,Sønderjyske,Hillerød,Danish.1st.Division.2022-10-21.Sønderjyske.vs.Hillerød.mkv,Danish.1st.Division.2022-10-21.Sønderjyske.vs.Hillerød.S2022-2023E14.mkv,Danish.1st.Division.20221021.Sønderjyske.vs.Hillerød.special
22.10.2022,,Fremad Amager,Nykøbing,Danish.1st.Division.2022-10-22.Fremad.Amager.vs.Nykøbing.mkv,Danish.1st.Division.2022-10-22.Fremad.Amager.vs.Nykøbing.S2022-2023E14.mkv,Danish.1st.Division.20221022.Fremad.Amager.vs.Nykøbing.special
22.10.2022,,Vejle Boldklub,Hvidovre IF,Danish.1st.Division.2022-10-22.Vejle.Boldklub.vs.Hvidovre.IF.mkv,Danish.1st.Division.2022-10-22.Vejle.Boldklub.vs.Hvidovre.IF.S2022-2023E14.mkv,Danish.1st.Division.20221022.Vejle.Boldklub.vs.Hvidovre.IF.special
23.10.2022,,Fredericia,HOBRO,Danish.1st.Division.2022-10-23.Fredericia.vs.HOBRO.mkv,Danish.1st.Division.2022-10-23.Fredericia.vs.HOBRO.S2022-2023E14.mkv,Danish.1st.Division.20221023.Fredericia.vs.HOBRO.special
23.10.2022,,Næstved BK,FC Helsingoer,Danish.1st.Division.2022-10-23.Næstved.BK.vs.FC.Helsingoer.mkv,Danish.1st.Division.2022-10-23.Næstved.BK.vs.FC.Helsingoer.S2022-2023E14.mkv,Danish.1st.Division.20221023.Næstved.BK.vs.FC.Helsingoer.special
23.10.2022,,Vendsyssel FF,Køge,Danish.1st.Division.2022-10-23.Vendsyssel.FF.vs.Køge.mkv,Danish.1st.Division.2022-10-23.Vendsyssel.FF.vs.Køge.S2022-2023E14.mkv,Danish.1st.Division.20221023.Vendsyssel.FF.vs.Køge.special
28.10.2022,,FC Helsingoer,Vendsyssel FF,Danish.1st.Division.2022-10-28.FC.Helsingoer.vs.Vendsyssel.FF.mkv,Danish.1st.Division.2022-10-28.FC.Helsingoer.vs.Vendsyssel.FF.S2022-2023E15.mkv,Danish.1st.Division.20221028.FC.Helsingoer.vs.Vendsyssel.FF.special
29.10.2022,,Nykøbing,Vejle Boldklub,Danish.1st.Division.2022-10-29.Nykøbing.vs.Vejle.Boldklub.mkv,Danish.1st.Division.2022-10-29.Nykøbing.vs.Vejle.Boldklub.S2022-2023E15.mkv,Danish.1st.Division.20221029.Nykøbing.vs.Vejle.Boldklub.special
29.10.2022,,Hvidovre IF,Fredericia,Danish.1st.Division.2022-10-29.Hvidovre.IF.vs.Fredericia.mkv,Danish.1st.Division.2022-10-29.Hvidovre.IF.vs.Fredericia.S2022-2023E15.mkv,Danish.1st.Division.20221029.Hvidovre.IF.vs.Fredericia.special
29.10.2022,,Hillerød,Fremad Amager,Danish.1st.Division.2022-10-29.Hillerød.vs.Fremad.Amager.mkv,Danish.1st.Division.2022-10-29.Hillerød.vs.Fremad.Amager.S2022-2023E15.mkv,Danish.1st.Division.20221029.Hillerød.vs.Fremad.Amager.special
30.10.2022,,Køge,Sønderjyske,Danish.1st.Division.2022-10-30.Køge.vs.Sønderjyske.mkv,Danish.1st.Division.2022-10-30.Køge.vs.Sønderjyske.S2022-2023E15.mkv,Danish.1st.Division.20221030.Køge.vs.Sønderjyske.special
30.10.2022,,HOBRO,Næstved BK,Danish.1st.Division.2022-10-30.HOBRO.vs.Næstved.BK.mkv,Danish.1st.Division.2022-10-30.HOBRO.vs.Næstved.BK.S2022-2023E15.mkv,Danish.1st.Division.20221030.HOBRO.vs.Næstved.BK.special
04.11.2022,,Fremad Amager,Sønderjyske,Danish.1st.Division.2022-11-04.Fremad.Amager.vs.Sønderjyske.mkv,Danish.1st.Division.2022-11-04.Fremad.Amager.vs.Sønderjyske.S2022-2023E16.mkv,Danish.1st.Division.20221104.Fremad.Amager.vs.Sønderjyske.special
04.11.2022,,HOBRO,Køge,Danish.1st.Division.2022-11-04.HOBRO.vs.Køge.mkv,Danish.1st.Division.2022-11-04.HOBRO.vs.Køge.S2022-2023E16.mkv,Danish.1st.Division.20221104.HOBRO.vs.Køge.special
05.11.2022,,Hvidovre IF,FC Helsingoer,Danish.1st.Division.2022-11-05.Hvidovre.IF.vs.FC.Helsingoer.mkv,Danish.1st.Division.2022-11-05.Hvidovre.IF.vs.FC.Helsingoer.S2022-2023E16.mkv,Danish.1st.Division.20221105.Hvidovre.IF.vs.FC.Helsingoer.special
05.11.2022,,Vendsyssel FF,Nykøbing,Danish.1st.Division.2022-11-05.Vendsyssel.FF.vs.Nykøbing.mkv,Danish.1st.Division.2022-11-05.Vendsyssel.FF.vs.Nykøbing.S2022-2023E16.mkv,Danish.1st.Division.20221105.Vendsyssel.FF.vs.Nykøbing.special
06.11.2022,,Næstved BK,Fredericia,Danish.1st.Division.2022-11-06.Næstved.BK.vs.Fredericia.mkv,Danish.1st.Division.2022-11-06.Næstved.BK.vs.Fredericia.S2022-2023E16.mkv,Danish.1st.Division.20221106.Næstved.BK.vs.Fredericia.special
06.11.2022,,Vejle Boldklub,Hillerød,Danish.1st.Division.2022-11-06.Vejle.Boldklub.vs.Hillerød.mkv,Danish.1st.Division.2022-11-06.Vejle.Boldklub.vs.Hillerød.S2022-2023E16.mkv,Danish.1st.Division.20221106.Vejle.Boldklub.vs.Hillerød.special
12.11.2022,,Fremad Amager,Vendsyssel FF,Danish.1st.Division.2022-11-12.Fremad.Amager.vs.Vendsyssel.FF.mkv,Danish.1st.Division.2022-11-12.Fremad.Amager.vs.Vendsyssel.FF.S2022-2023E17.mkv,Danish.1st.Division.20221112.Fremad.Amager.vs.Vendsyssel.FF.special
12.11.2022,,Nykøbing,Næstved BK,Danish.1st.Division.2022-11-12.Nykøbing.vs.Næstved.BK.mkv,Danish.1st.Division.2022-11-12.Nykøbing.vs.Næstved.BK.S2022-2023E17.mkv,Danish.1st.Division.20221112.Nykøbing.vs.Næstved.BK.special
13.11.2022,,Fredericia,FC Helsingoer,Danish.1st.Division.2022-11-13.Fredericia.vs.FC.Helsingoer.mkv,Danish.1st.Division.2022-11-13.Fredericia.vs.FC.Helsingoer.S2022-2023E17.mkv,Danish.1st.Division.20221113.Fredericia.vs.FC.Helsingoer.special
13.11.2022,,Køge,Hvidovre IF,Danish.1st.Division.2022-11-13.Køge.vs.Hvidovre.IF.mkv,Danish.1st.Division.2022-11-13.Køge.vs.Hvidovre.IF.S2022-2023E17.mkv,Danish.1st.Division.20221113.Køge.vs.Hvidovre.IF.special
14.11.2022,,Sønderjyske,Vejle Boldklub,Danish.1st.Division.2022-11-14.Sønderjyske.vs.Vejle.Boldklub.mkv,Danish.1st.Division.2022-11-14.Sønderjyske.vs.Vejle.Boldklub.S2022-2023E17.mkv,Danish.1st.Division.20221114.Sønderjyske.vs.Vejle.Boldklub.special
11.02.2023,,Hillerød,HOBRO,Danish.1st.Division.2023-02-11.Hillerød.vs.HOBRO.mkv,Danish.1st.Division.2023-02-11.Hillerød.vs.HOBRO.S2022-2023E17.mkv,Danish.1st.Division.20230211.Hillerød.vs.HOBRO.special
17.02.2023,,FC Helsingoer,Køge,Danish.1st.Division.2023-02-17.FC.Helsingoer.vs.Køge.mkv,Danish.1st.Division.2023-02-17.FC.Helsingoer.vs.Køge.S2022-2023E18.mkv,Danish.1st.Division.20230217.FC.Helsingoer.vs.Køge.special
18.02.2023,,Hvidovre IF,Nykøbing,Danish.1st.Division.2023-02-18.Hvidovre.IF.vs.Nykøbing.mkv,Danish.1st.Division.2023-02-18.Hvidovre.IF.vs.Nykøbing.S2022-2023E18.mkv,Danish.1st.Division.20230218.Hvidovre.IF.vs.Nykøbing.special
18.02.2023,,Vejle Boldklub,Fremad Amager,Danish.1st.Division.2023-02-18.Vejle.Boldklub.vs.Fremad.Amager.mkv,Danish.1st.Division.2023-02-18.Vejle.Boldklub.vs.Fremad.Amager.S2022-2023E18.mkv,Danish.1st.Division.20230218.Vejle.Boldklub.vs.Fremad.Amager.special
19.02.2023,,Fredericia,Hillerød,Danish.1st.Division.2023-02-19.Fredericia.vs.Hillerød.mkv,Danish.1st.Division.2023-02-19.Fredericia.vs.Hillerød.S2022-2023E18.mkv,Danish.1st.Division.20230219.Fredericia.vs.Hillerød.special
19.02.2023,,HOBRO,Vendsyssel FF,Danish.1st.Division.2023-02-19.HOBRO.vs.Vendsyssel.FF.mkv,Danish.1st.Division.2023-02-19.HOBRO.vs.Vendsyssel.FF.S2022-2023E18.mkv,Danish.1st.Division.20230219.HOBRO.vs.Vendsyssel.FF.special
19.02.2023,,Næstved BK,Sønderjyske,Danish.1st.Division.2023-02-19.Næstved.BK.vs.Sønderjyske.mkv,Danish.1st.Division.2023-02-19.Næstved.BK.vs.Sønderjyske.S2022-2023E18.mkv,Danish.1st.Division.20230219.Næstved.BK.vs.Sønderjyske.special
24.02.2023,,Fremad Amager,HOBRO,Danish.1st.Division.2023-02-24.Fremad.Amager.vs.HOBRO.mkv,Danish.1st.Division.2023-02-24.Fremad.Amager.vs.HOBRO.S2022-2023E19.mkv,Danish.1st.Division.20230224.Fremad.Amager.vs.HOBRO.special
24.02.2023,,Køge,Vejle Boldklub,Danish.1st.Division.2023-02-24.Køge.vs.Vejle.Boldklub.mkv,Danish.1st.Division.2023-02-24.Køge.vs.Vejle.Boldklub.S2022-2023E19.mkv,Danish.1st.Division.20230224.Køge.vs.Vejle.Boldklub.special
24.02.2023,,Sønderjyske,Fredericia,Danish.1st.Division.2023-02-24.Sønderjyske.vs.Fredericia.mkv,Danish.1st.Division.2023-02-24.Sønderjyske.vs.Fredericia.S2022-2023E19.mkv,Danish.1st.Division.20230224.Sønderjyske.vs.Fredericia.special
25.02.2023,,Hillerød,Hvidovre IF,Danish.1st.Division.2023-02-25.Hillerød.vs.Hvidovre.IF.mkv,Danish.1st.Division.2023-02-25.Hillerød.vs.Hvidovre.IF.S2022-2023E19.mkv,Danish.1st.Division.20230225.Hillerød.vs.Hvidovre.IF.special
25.02.2023,,Nykøbing,FC Helsingoer,Danish.1st.Division.2023-02-25.Nykøbing.vs.FC.Helsingoer.mkv,Danish.1st.Division.2023-02-25.Nykøbing.vs.FC.Helsingoer.S2022-2023E19.mkv,Danish.1st.Division.20230225.Nykøbing.vs.FC.Helsingoer.special
25.02.2023,,Vendsyssel FF,Næstved BK,Danish.1st.Division.2023-02-25.Vendsyssel.FF.vs.Næstved.BK.mkv,Danish.1st.Division.2023-02-25.Vendsyssel.FF.vs.Næstved.BK.S2022-2023E19.mkv,Danish.1st.Division.20230225.Vendsyssel.FF.vs.Næstved.BK.special
03.03.2023,,Fredericia,Køge,Danish.1st.Division.2023-03-03.Fredericia.vs.Køge.mkv,Danish.1st.Division.2023-03-03.Fredericia.vs.Køge.S2022-2023E20.mkv,Danish.1st.Division.20230303.Fredericia.vs.Køge.special
03.03.2023,,FC Helsingoer,Hillerød,Danish.1st.Division.2023-03-03.FC.Helsingoer.vs.Hillerød.mkv,Danish.1st.Division.2023-03-03.FC.Helsingoer.vs.Hillerød.S2022-2023E20.mkv,Danish.1st.Division.20230303.FC.Helsingoer.vs.Hillerød.special
04.03.2023,,Hvidovre IF,Sønderjyske,Danish.1st.Division.2023-03-04.Hvidovre.IF.vs.Sønderjyske.mkv,Danish.1st.Division.2023-03-04.Hvidovre.IF.vs.Sønderjyske.S2022-2023E20.mkv,Danish.1st.Division.20230304.Hvidovre.IF.vs.Sønderjyske.special
05.03.2023,,HOBRO,Nykøbing,Danish.1st.Division.2023-03-05.HOBRO.vs.Nykøbing.mkv,Danish.1st.Division.2023-03-05.HOBRO.vs.Nykøbing.S2022-2023E20.mkv,Danish.1st.Division.20230305.HOBRO.vs.Nykøbing.special
05.03.2023,,Vejle Boldklub,Vendsyssel FF,Danish.1st.Division.2023-03-05.Vejle.Boldklub.vs.Vendsyssel.FF.mkv,Danish.1st.Division.2023-03-05.Vejle.Boldklub.vs.Vendsyssel.FF.S2022-2023E20.mkv,Danish.1st.Division.20230305.Vejle.Boldklub.vs.Vendsyssel.FF.special
05.03.2023,,Næstved BK,Fremad Amager,Danish.1st.Division.2023-03-05.Næstved.BK.vs.Fremad.Amager.mkv,Danish.1st.Division.2023-03-05.Næstved.BK.vs.Fremad.Amager.S2022-2023E20.mkv,Danish.1st.Division.20230305.Næstved.BK.vs.Fremad.Amager.special
11.03.2023,,Fremad Amager,FC Helsingoer,Danish.1st.Division.2023-03-11.Fremad.Amager.vs.FC.Helsingoer.mkv,Danish.1st.Division.2023-03-11.Fremad.Amager.vs.FC.Helsingoer.S2022-2023E21.mkv,Danish.1st.Division.20230311.Fremad.Amager.vs.FC.Helsingoer.special
11.03.2023,,Hillerød,Næstved BK,Danish.1st.Division.2023-03-11.Hillerød.vs.Næstved.BK.mkv,Danish.1st.Division.2023-03-11.Hillerød.vs.Næstved.BK.S2022-2023E21.mkv,Danish.1st.Division.20230311.Hillerød.vs.Næstved.BK.special
11.03.2023,,Nykøbing,Køge,Danish.1st.Division.2023-03-11.Nykøbing.vs.Køge.mkv,Danish.1st.Division.2023-03-11.Nykøbing.vs.Køge.S2022-2023E21.mkv,Danish.1st.Division.20230311.Nykøbing.vs.Køge.special
12.03.2023,,HOBRO,Hvidovre IF,Danish.1st.Division.2023-03-12.HOBRO.vs.Hvidovre.IF.mkv,Danish.1st.Division.2023-03-12.HOBRO.vs.Hvidovre.IF.S2022-2023E21.mkv,Danish.1st.Division.20230312.HOBRO.vs.Hvidovre.IF.special
12.03.2023,,Vejle Boldklub,Fredericia,Danish.1st.Division.2023-03-12.Vejle.Boldklub.vs.Fredericia.mkv,Danish.1st.Division.2023-03-12.Vejle.Boldklub.vs.Fredericia.S2022-2023E21.mkv,Danish.1st.Division.20230312.Vejle.Boldklub.vs.Fredericia.special
12.03.2023,,Vendsyssel FF,Sønderjyske,Danish.1st.Division.2023-03-12.Vendsyssel.FF.vs.Sønderjyske.mkv,Danish.1st.Division.2023-03-12.Vendsyssel.FF.vs.Sønderjyske.S2022-2023E21.mkv,Danish.1st.Division.20230312.Vendsyssel.FF.vs.Sønderjyske.special
18.03.2023,,FC Helsingoer,HOBRO,Danish.1st.Division.2023-03-18.FC.Helsingoer.vs.HOBRO.mkv,Danish.1st.Division.2023-03-18.FC.Helsingoer.vs.HOBRO.S2022-2023E22.mkv,Danish.1st.Division.20230318.FC.Helsingoer.vs.HOBRO.special
18.03.2023,,Hvidovre IF,Vendsyssel FF,Danish.1st.Division.2023-03-18.Hvidovre.IF.vs.Vendsyssel.FF.mkv,Danish.1st.Division.2023-03-18.Hvidovre.IF.vs.Vendsyssel.FF.S2022-2023E22.mkv,Danish.1st.Division.20230318.Hvidovre.IF.vs.Vendsyssel.FF.special
18.03.2023,,Næstved BK,Vejle Boldklub,Danish.1st.Division.2023-03-18.Næstved.BK.vs.Vejle.Boldklub.mkv,Danish.1st.Division.2023-03-18.Næstved.BK.vs.Vejle.Boldklub.S2022-2023E22.mkv,Danish.1st.Division.20230318.Næstved.BK.vs.Vejle.Boldklub.special
18.03.2023,,Fredericia,Fremad Amager,Danish.1st.Division.2023-03-18.Fredericia.vs.Fremad.Amager.mkv,Danish.1st.Division.2023-03-18.Fredericia.vs.Fremad.Amager.S2022-2023E22.mkv,Danish.1st.Division.20230318.Fredericia.vs.Fremad.Amager.special
18.03.2023,,Sønderjyske,Nykøbing,Danish.1st.Division.2023-03-18.Sønderjyske.vs.Nykøbing.mkv,Danish.1st.Division.2023-03-18.Sønderjyske.vs.Nykøbing.S2022-2023E22.mkv,Danish.1st.Division.20230318.Sønderjyske.vs.Nykøbing.special
18.03.2023,,Køge,Hillerød,Danish.1st.Division.2023-03-18.Køge.vs.Hillerød.mkv,Danish.1st.Division.2023-03-18.Køge.vs.Hillerød.S2022-2023E22.mkv,Danish.1st.Division.20230318.Køge.vs.Hillerød.special
31.03.2023,,Fredericia,Nykøbing,Danish.1st.Division.2023-03-31.Fredericia.vs.Nykøbing.mkv,Danish.1st.Division.2023-03-31.Fredericia.vs.Nykøbing.S2022-2023E1.mkv,Danish.1st.Division.20230331.Fredericia.vs.Nykøbing.special
31.03.2023,,FC Helsingoer,Vendsyssel FF,Danish.1st.Division.2023-03-31.FC.Helsingoer.vs.Vendsyssel.FF.mkv,Danish.1st.Division.2023-03-31.FC.Helsingoer.vs.Vendsyssel.FF.S2022-2023E1.mkv,Danish.1st.Division.20230331.FC.Helsingoer.vs.Vendsyssel.FF.special
01.04.2023,,Hillerød,Fremad Amager,Danish.1st.Division.2023-04-01.Hillerød.vs.Fremad.Amager.mkv,Danish.1st.Division.2023-04-01.Hillerød.vs.Fremad.Amager.S2022-2023E1.mkv,Danish.1st.Division.20230401.Hillerød.vs.Fremad.Amager.special
01.04.2023,,Vejle Boldklub,Sønderjyske,Danish.1st.Division.2023-04-01.Vejle.Boldklub.vs.Sønderjyske.mkv,Danish.1st.Division.2023-04-01.Vejle.Boldklub.vs.Sønderjyske.S2022-2023E1.mkv,Danish.1st.Division.20230401.Vejle.Boldklub.vs.Sønderjyske.special
02.04.2023,,Næstved BK,Hvidovre IF,Danish.1st.Division.2023-04-02.Næstved.BK.vs.Hvidovre.IF.mkv,Danish.1st.Division.2023-04-02.Næstved.BK.vs.Hvidovre.IF.S2022-2023E1.mkv,Danish.1st.Division.20230402.Næstved.BK.vs.Hvidovre.IF.special
02.04.2023,,Køge,HOBRO,Danish.1st.Division.2023-04-02.Køge.vs.HOBRO.mkv,Danish.1st.Division.2023-04-02.Køge.vs.HOBRO.S2022-2023E1.mkv,Danish.1st.Division.20230402.Køge.vs.HOBRO.special
09.04.2023,,Hvidovre IF,FC Helsingoer,Danish.1st.Division.2023-04-09.Hvidovre.IF.vs.FC.Helsingoer.mkv,Danish.1st.Division.2023-04-09.Hvidovre.IF.vs.FC.Helsingoer.S2022-2023E2.mkv,Danish.1st.Division.20230409.Hvidovre.IF.vs.FC.Helsingoer.special
09.04.2023,,Fremad Amager,Fredericia,Danish.1st.Division.2023-04-09.Fremad.Amager.vs.Fredericia.mkv,Danish.1st.Division.2023-04-09.Fremad.Amager.vs.Fredericia.S2022-2023E2.mkv,Danish.1st.Division.20230409.Fremad.Amager.vs.Fredericia.special
09.04.2023,,Nykøbing,Køge,Danish.1st.Division.2023-04-09.Nykøbing.vs.Køge.mkv,Danish.1st.Division.2023-04-09.Nykøbing.vs.Køge.S2022-2023E2.mkv,Danish.1st.Division.20230409.Nykøbing.vs.Køge.special
10.04.2023,,HOBRO,Hillerød,Danish.1st.Division.2023-04-10.HOBRO.vs.Hillerød.mkv,Danish.1st.Division.2023-04-10.HOBRO.vs.Hillerød.S2022-2023E2.mkv,Danish.1st.Division.20230410.HOBRO.vs.Hillerød.special
10.04.2023,,Vendsyssel FF,Vejle Boldklub,Danish.1st.Division.2023-04-10.Vendsyssel.FF.vs.Vejle.Boldklub.mkv,Danish.1st.Division.2023-04-10.Vendsyssel.FF.vs.Vejle.Boldklub.S2022-2023E2.mkv,Danish.1st.Division.20230410.Vendsyssel.FF.vs.Vejle.Boldklub.special
10.04.2023,,Sønderjyske,Næstved BK,Danish.1st.Division.2023-04-10.Sønderjyske.vs.Næstved.BK.mkv,Danish.1st.Division.2023-04-10.Sønderjyske.vs.Næstved.BK.S2022-2023E2.mkv,Danish.1st.Division.20230410.Sønderjyske.vs.Næstved.BK.special
13.04.2023,,Vejle Boldklub,Hvidovre IF,Danish.1st.Division.2023-04-13.Vejle.Boldklub.vs.Hvidovre.IF.mkv,Danish.1st.Division.2023-04-13.Vejle.Boldklub.vs.Hvidovre.IF.S2022-2023E3.mkv,Danish.1st.Division.20230413.Vejle.Boldklub.vs.Hvidovre.IF.special
14.04.2023,,Sønderjyske,Vendsyssel FF,Danish.1st.Division.2023-04-14.Sønderjyske.vs.Vendsyssel.FF.mkv,Danish.1st.Division.2023-04-14.Sønderjyske.vs.Vendsyssel.FF.S2022-2023E3.mkv,Danish.1st.Division.20230414.Sønderjyske.vs.Vendsyssel.FF.special
15.04.2023,,Hillerød,Nykøbing,Danish.1st.Division.2023-04-15.Hillerød.vs.Nykøbing.mkv,Danish.1st.Division.2023-04-15.Hillerød.vs.Nykøbing.S2022-2023E3.mkv,Danish.1st.Division.20230415.Hillerød.vs.Nykøbing.special
16.04.2023,,Fredericia,Køge,Danish.1st.Division.2023-04-16.Fredericia.vs.Køge.mkv,Danish.1st.Division.2023-04-16.Fredericia.vs.Køge.S2022-2023E3.mkv,Danish.1st.Division.20230416.Fredericia.vs.Køge.special
16.04.2023,,Fremad Amager,HOBRO,Danish.1st.Division.2023-04-16.Fremad.Amager.vs.HOBRO.mkv,Danish.1st.Division.2023-04-16.Fremad.Amager.vs.HOBRO.S2022-2023E3.mkv,Danish.1st.Division.20230416.Fremad.Amager.vs.HOBRO.special
20.04.2023,,Næstved BK,Vejle Boldklub,Danish.1st.Division.2023-04-20.Næstved.BK.vs.Vejle.Boldklub.mkv,Danish.1st.Division.2023-04-20.Næstved.BK.vs.Vejle.Boldklub.S2022-2023E4.mkv,Danish.1st.Division.20230420.Næstved.BK.vs.Vejle.Boldklub.special
21.04.2023,,FC Helsingoer,Sønderjyske,Danish.1st.Division.2023-04-21.FC.Helsingoer.vs.Sønderjyske.mkv,Danish.1st.Division.2023-04-21.FC.Helsingoer.vs.Sønderjyske.S2022-2023E4.mkv,Danish.1st.Division.20230421.FC.Helsingoer.vs.Sønderjyske.special
22.04.2023,,Hvidovre IF,Vendsyssel FF,Danish.1st.Division.2023-04-22.Hvidovre.IF.vs.Vendsyssel.FF.mkv,Danish.1st.Division.2023-04-22.Hvidovre.IF.vs.Vendsyssel.FF.S2022-2023E4.mkv,Danish.1st.Division.20230422.Hvidovre.IF.vs.Vendsyssel.FF.special
23.04.2023,,Køge,Hillerød,Danish.1st.Division.2023-04-23.Køge.vs.Hillerød.mkv,Danish.1st.Division.2023-04-23.Køge.vs.Hillerød.S2022-2023E4.mkv,Danish.1st.Division.20230423.Køge.vs.Hillerød.special
23.04.2023,,HOBRO,Fredericia,Danish.1st.Division.2023-04-23.HOBRO.vs.Fredericia.mkv,Danish.1st.Division.2023-04-23.HOBRO.vs.Fredericia.S2022-2023E4.mkv,Danish.1st.Division.20230423.HOBRO.vs.Fredericia.special
25.04.2023,,FC Helsingoer,Næstved BK,Danish.1st.Division.2023-04-25.FC.Helsingoer.vs.Næstved.BK.mkv,Danish.1st.Division.2023-04-25.FC.Helsingoer.vs.Næstved.BK.S2022-2023E3.mkv,Danish.1st.Division.20230425.FC.Helsingoer.vs.Næstved.BK.special
28.04.2023,,Fremad Amager,Køge,Danish.1st.Division.2023-04-28.Fremad.Amager.vs.Køge.mkv,Danish.1st.Division.2023-04-28.Fremad.Amager.vs.Køge.S2022-2023E5.mkv,Danish.1st.Division.20230428.Fremad.Amager.vs.Køge.special
28.04.2023,,HOBRO,Nykøbing,Danish.1st.Division.2023-04-28.HOBRO.vs.Nykøbing.mkv,Danish.1st.Division.2023-04-28.HOBRO.vs.Nykøbing.S2022-2023E5.mkv,Danish.1st.Division.20230428.HOBRO.vs.Nykøbing.special
29.04.2023,,Sønderjyske,Hvidovre IF,Danish.1st.Division.2023-04-29.Sønderjyske.vs.Hvidovre.IF.mkv,Danish.1st.Division.2023-04-29.Sønderjyske.vs.Hvidovre.IF.S2022-2023E5.mkv,Danish.1st.Division.20230429.Sønderjyske.vs.Hvidovre.IF.special
29.04.2023,,Hillerød,Fredericia,Danish.1st.Division.2023-04-29.Hillerød.vs.Fredericia.mkv,Danish.1st.Division.2023-04-29.Hillerød.vs.Fredericia.S2022-2023E5.mkv,Danish.1st.Division.20230429.Hillerød.vs.Fredericia.special
30.04.2023,,Vendsyssel FF,Næstved BK,Danish.1st.Division.2023-04-30.Vendsyssel.FF.vs.Næstved.BK.mkv,Danish.1st.Division.2023-04-30.Vendsyssel.FF.vs.Næstved.BK.S2022-2023E5.mkv,Danish.1st.Division.20230430.Vendsyssel.FF.vs.Næstved.BK.special
30.04.2023,,Vejle Boldklub,FC Helsingoer,Danish.1st.Division.2023-04-30.Vejle.Boldklub.vs.FC.Helsingoer.mkv,Danish.1st.Division.2023-04-30.Vejle.Boldklub.vs.FC.Helsingoer.S2022-2023E5.mkv,Danish.1st.Division.20230430.Vejle.Boldklub.vs.FC.Helsingoer.special
05.05.2023,,Fredericia,HOBRO,Danish.1st.Division.2023-05-05.Fredericia.vs.HOBRO.mkv,Danish.1st.Division.2023-05-05.Fredericia.vs.HOBRO.S2022-2023E6.mkv,Danish.1st.Division.20230505.Fredericia.vs.HOBRO.special
05.05.2023,,Hvidovre IF,Vejle Boldklub,Danish.1st.Division.2023-05-05.Hvidovre.IF.vs.Vejle.Boldklub.mkv,Danish.1st.Division.2023-05-05.Hvidovre.IF.vs.Vejle.Boldklub.S2022-2023E6.mkv,Danish.1st.Division.20230505.Hvidovre.IF.vs.Vejle.Boldklub.special
05.05.2023,,Fremad Amager,Hillerød,Danish.1st.Division.2023-05-05.Fremad.Amager.vs.Hillerød.mkv,Danish.1st.Division.2023-05-05.Fremad.Amager.vs.Hillerød.S2022-2023E6.mkv,Danish.1st.Division.20230505.Fremad.Amager.vs.Hillerød.special
06.05.2023,,Vendsyssel FF,Sønderjyske,Danish.1st.Division.2023-05-06.Vendsyssel.FF.vs.Sønderjyske.mkv,Danish.1st.Division.2023-05-06.Vendsyssel.FF.vs.Sønderjyske.S2022-2023E6.mkv,Danish.1st.Division.20230506.Vendsyssel.FF.vs.Sønderjyske.special
06.05.2023,,Køge,Nykøbing,Danish.1st.Division.2023-05-06.Køge.vs.Nykøbing.mkv,Danish.1st.Division.2023-05-06.Køge.vs.Nykøbing.S2022-2023E6.mkv,Danish.1st.Division.20230506.Køge.vs.Nykøbing.special
07.05.2023,,Næstved BK,FC Helsingoer,Danish.1st.Division.2023-05-07.Næstved.BK.vs.FC.Helsingoer.mkv,Danish.1st.Division.2023-05-07.Næstved.BK.vs.FC.Helsingoer.S2022-2023E6.mkv,Danish.1st.Division.20230507.Næstved.BK.vs.FC.Helsingoer.special
11.05.2023,,Sønderjyske,Vejle Boldklub,Danish.1st.Division.2023-05-11.Sønderjyske.vs.Vejle.Boldklub.mkv,Danish.1st.Division.2023-05-11.Sønderjyske.vs.Vejle.Boldklub.S2022-2023E7.mkv,Danish.1st.Division.20230511.Sønderjyske.vs.Vejle.Boldklub.special
11.05.2023,,HOBRO,Fremad Amager,Danish.1st.Division.2023-05-11.HOBRO.vs.Fremad.Amager.mkv,Danish.1st.Division.2023-05-11.HOBRO.vs.Fremad.Amager.S2022-2023E7.mkv,Danish.1st.Division.20230511.HOBRO.vs.Fremad.Amager.special
12.05.2023,,FC Helsingoer,Hvidovre IF,Danish.1st.Division.2023-05-12.FC.Helsingoer.vs.Hvidovre.IF.mkv,Danish.1st.Division.2023-05-12.FC.Helsingoer.vs.Hvidovre.IF.S2022-2023E7.mkv,Danish.1st.Division.20230512.FC.Helsingoer.vs.Hvidovre.IF.special
12.05.2023,,Nykøbing,Hillerød,Danish.1st.Division.2023-05-12.Nykøbing.vs.Hillerød.mkv,Danish.1st.Division.2023-05-12.Nykøbing.vs.Hillerød.S2022-2023E7.mkv,Danish.1st.Division.20230512.Nykøbing.vs.Hillerød.special
13.05.2023,,Køge,Fredericia,Danish.1st.Division.2023-05-13.Køge.vs.Fredericia.mkv,Danish.1st.Division.2023-05-13.Køge.vs.Fredericia.S2022-2023E7.mkv,Danish.1st.Division.20230513.Køge.vs.Fredericia.special
14.05.2023,,Næstved BK,Vendsyssel FF,Danish.1st.Division.2023-05-14.Næstved.BK.vs.Vendsyssel.FF.mkv,Danish.1st.Division.2023-05-14.Næstved.BK.vs.Vendsyssel.FF.S2022-2023E7.mkv,Danish.1st.Division.20230514.Næstved.BK.vs.Vendsyssel.FF.special
18.05.2023,,Hvidovre IF,Sønderjyske,Danish.1st.Division.2023-05-18.Hvidovre.IF.vs.Sønderjyske.mkv,Danish.1st.Division.2023-05-18.Hvidovre.IF.vs.Sønderjyske.S2022-2023E8.mkv,Danish.1st.Division.20230518.Hvidovre.IF.vs.Sønderjyske.special
19.05.2023,,Nykøbing,HOBRO,Danish.1st.Division.2023-05-19.Nykøbing.vs.HOBRO.mkv,Danish.1st.Division.2023-05-19.Nykøbing.vs.HOBRO.S2022-2023E8.mkv,Danish.1st.Division.20230519.Nykøbing.vs.HOBRO.special
19.05.2023,,Hillerød,Køge,Danish.1st.Division.2023-05-19.Hillerød.vs.Køge.mkv,Danish.1st.Division.2023-05-19.Hillerød.vs.Køge.S2022-2023E8.mkv,Danish.1st.Division.20230519.Hillerød.vs.Køge.special
20.05.2023,,Vendsyssel FF,FC Helsingoer,Danish.1st.Division.2023-05-20.Vendsyssel.FF.vs.FC.Helsingoer.mkv,Danish.1st.Division.2023-05-20.Vendsyssel.FF.vs.FC.Helsingoer.S2022-2023E8.mkv,Danish.1st.Division.20230520.Vendsyssel.FF.vs.FC.Helsingoer.special
21.05.2023,,Vejle Boldklub,Næstved BK,Danish.1st.Division.2023-05-21.Vejle.Boldklub.vs.Næstved.BK.mkv,Danish.1st.Division.2023-05-21.Vejle.Boldklub.vs.Næstved.BK.S2022-2023E8.mkv,Danish.1st.Division.20230521.Vejle.Boldklub.vs.Næstved.BK.special
21.05.2023,,Fredericia,Fremad Amager,Danish.1st.Division.2023-05-21.Fredericia.vs.Fremad.Amager.mkv,Danish.1st.Division.2023-05-21.Fredericia.vs.Fremad.Amager.S2022-2023E8.mkv,Danish.1st.Division.20230521.Fredericia.vs.Fremad.Amager.special
26.05.2023,,Fremad Amager,Nykøbing,Danish.1st.Division.2023-05-26.Fremad.Amager.vs.Nykøbing.mkv,Danish.1st.Division.2023-05-26.Fremad.Amager.vs.Nykøbing.S2022-2023E9.mkv,Danish.1st.Division.20230526.Fremad.Amager.vs.Nykøbing.special
26.05.2023,,Fredericia,Hillerød,Danish.1st.Division.2023-05-26.Fredericia.vs.Hillerød.mkv,Danish.1st.Division.2023-05-26.Fredericia.vs.Hillerød.S2022-2023E9.mkv,Danish.1st.Division.20230526.Fredericia.vs.Hillerød.special
26.05.2023,,HOBRO,Køge,Danish.1st.Division.2023-05-26.HOBRO.vs.Køge.mkv,Danish.1st.Division.2023-05-26.HOBRO.vs.Køge.S2022-2023E9.mkv,Danish.1st.Division.20230526.HOBRO.vs.Køge.special
27.05.2023,,Vendsyssel FF,Hvidovre IF,Danish.1st.Division.2023-05-27.Vendsyssel.FF.vs.Hvidovre.IF.mkv,Danish.1st.Division.2023-05-27.Vendsyssel.FF.vs.Hvidovre.IF.S2022-2023E9.mkv,Danish.1st.Division.20230527.Vendsyssel.FF.vs.Hvidovre.IF.special
28.05.2023,,Næstved BK,Sønderjyske,Danish.1st.Division.2023-05-28.Næstved.BK.vs.Sønderjyske.mkv,Danish.1st.Division.2023-05-28.Næstved.BK.vs.Sønderjyske.S2022-2023E9.mkv,Danish.1st.Division.20230528.Næstved.BK.vs.Sønderjyske.special
28.05.2023,,FC Helsingoer,Vejle Boldklub,Danish.1st.Division.2023-05-28.FC.Helsingoer.vs.Vejle.Boldklub.mkv,Danish.1st.Division.2023-05-28.FC.Helsingoer.vs.Vejle.Boldklub.S2022-2023E9.mkv,Danish.1st.Division.20230528.FC.Helsingoer.vs.Vejle.Boldklub.special
02.06.2023,,Køge,Fremad Amager,Danish.1st.Division.2023-06-02.Køge.vs.Fremad.Amager.mkv,Danish.1st.Division.2023-06-02.Køge.vs.Fremad.Amager.S2022-2023E10.mkv,Danish.1st.Division.20230602.Køge.vs.Fremad.Amager.special
02.06.2023,,Nykøbing,Fredericia,Danish.1st.Division.2023-06-02.Nykøbing.vs.Fredericia.mkv,Danish.1st.Division.2023-06-02.Nykøbing.vs.Fredericia.S2022-2023E10.mkv,Danish.1st.Division.20230602.Nykøbing.vs.Fredericia.special
02.06.2023,,Hillerød,HOBRO,Danish.1st.Division.2023-06-02.Hillerød.vs.HOBRO.mkv,Danish.1st.Division.2023-06-02.Hillerød.vs.HOBRO.S2022-2023E10.mkv,Danish.1st.Division.20230602.Hillerød.vs.HOBRO.special
04.06.2023,,Sønderjyske,FC Helsingoer,Danish.1st.Division.2023-06-04.Sønderjyske.vs.FC.Helsingoer.mkv,Danish.1st.Division.2023-06-04.Sønderjyske.vs.FC.Helsingoer.S2022-2023E10.mkv,Danish.1st.Division.20230604.Sønderjyske.vs.FC.Helsingoer.special
04.06.2023,,Hvidovre IF,Næstved BK,Danish.1st.Division.2023-06-04.Hvidovre.IF.vs.Næstved.BK.mkv,Danish.1st.Division.2023-06-04.Hvidovre.IF.vs.Næstved.BK.S2022-2023E10.mkv,Danish.1st.Division.20230604.Hvidovre.IF.vs.Næstved.BK.special
04.06.2023,,Vejle Boldklub,Vendsyssel FF,Danish.1st.Division.2023-06-04.Vejle.Boldklub.vs.Vendsyssel.FF.mkv,Danish.1st.Division.2023-06-04.Vejle.Boldklub.vs.Vendsyssel.FF.S2022-2023E10.mkv,Danish.1st.Division.20230604.Vejle.Boldklub.vs.Vendsyssel.FF.special
